Name,Purpose
"Hernandez, Bautista and Nolan",Configurable human-resource synergy for engineer vertical info-mediaries
Fleming-Morgan,Multi-lateral responsive success for aggregate granular e-business
"White, Torres and Martinez",Stand-alone intermediate model for facilitate wireless convergence
"Meyer, Conner and Miller",De-engineered user-facing throughput for facilitate magnetic infrastructures
"Adams, Harris and Wheeler",Multi-lateral heuristic strategy for innovate impactful synergies
Bradley-Lopez,Optional reciprocal matrix for syndicate dot-com mindshare
Ortiz-Bryant,Distributed bifurcated hierarchy for deliver cross-media supply-chains
Blair-Cruz,Business-focused 24hour projection for embrace B2B e-business
Farley Inc,Expanded needs-based access for deploy clicks-and-mortar applications
Simmons-Fry,Synergistic solution-oriented artificial intelligence for empower efficient e-commerce
"Crawford, Rush and Mays",Distributed fresh-thinking encryption for innovate efficient deliverables
Mathews and Sons,Compatible stable array for scale cross-platform e-markets
"Ferguson, Foley and Ward",Visionary non-volatile analyzer for disintermediate one-to-one mindshare
"Cox, Cox and Dunlap",Front-line web-enabled moderator for syndicate killer synergies
Conner-Henderson,Synergized reciprocal budgetary management for iterate turn-key synergies
Livingston PLC,Public-key 24hour function for target open-source interfaces
"Todd, Smith and Holloway",Configurable secondary moderator for mesh cutting-edge info-mediaries
"Shaw, Ramirez and Yang",Intuitive optimal adapter for integrate user-centric paradigms
"Kelly, Christian and Williams",Customizable even-keeled functionalities for empower granular paradigms
"Hendrix, Stewart and Collins",Robust methodical analyzer for matrix wireless initiatives
"Adkins, Gonzalez and Hardy",Organized non-volatile capability for e-enable robust vortals
"Brown, Barnett and Allen",Reduced 24/7 capacity for target impactful vortals
Miller and Sons,Enhanced encompassing methodology for synergize strategic users
"Freeman, Thomas and Murphy",Realigned encompassing Graphic Interface for re-contextualize distributed networks
"Aguilar, Allen and Beck",Distributed background frame for cultivate rich models
Hernandez-Bailey,Robust secondary time-frame for embrace B2B niches
Moore Group,Integrated client-server help-desk for extend one-to-one functionalities
"Parker, Hale and Smith",Persevering dynamic standardization for incentivize enterprise solutions
Randall LLC,Stand-alone value-added definition for unleash viral portals
Hall-Tanner,Customer-focused dedicated Internet solution for productize web-enabled e-services
"Young, Wallace and Dunn",Integrated upward-trending methodology for revolutionize interactive systems
"Gregory, Spears and Burch",User-friendly fault-tolerant infrastructure for mesh enterprise functionalities
Rose Ltd,Object-based content-based website for seize back-end metrics
Wilson LLC,Advanced uniform productivity for streamline one-to-one platforms
Graham Ltd,Front-line upward-trending matrix for incentivize turn-key e-markets
Thomas PLC,Reverse-engineered dynamic toolset for transform world-class interfaces
Robinson Inc,Vision-oriented heuristic archive for target efficient e-services
White-Elliott,Total transitional hardware for incentivize clicks-and-mortar portals
Sanders-King,Right-sized discrete archive for e-enable world-class e-business
Gross-Harris,Reverse-engineered impactful firmware for deploy distributed functionalities
Hogan-Gilbert,Customer-focused optimal matrix for harness holistic platforms
"Nguyen, King and Wilson",Object-based content-based core for matrix granular e-tailers
"Vang, Randall and Becker",Persevering human-resource circuit for visualize ubiquitous vortals
Lam-Savage,Integrated zero-defect orchestration for architect intuitive ROI
Saunders Inc,Organic interactive info-mediaries for productize web-enabled methodologies
"Mills, Kelly and Ward",Intuitive attitude-oriented data-warehouse for redefine one-to-one e-markets
"Casey, Velez and King",Programmable hybrid frame for harness open-source vortals
James-Robinson,Fundamental intermediate knowledge user for transform 24/365 e-markets
Hurley-Wright,Digitized fault-tolerant initiative for drive innovative schemas
Wallace PLC,Decentralized grid-enabled initiative for enable bricks-and-clicks technologies
Willis PLC,Robust foreground open architecture for grow revolutionary architectures
"Ellis, Stevens and Hampton",Proactive dynamic product for repurpose strategic niches
Roth-Ramirez,Reduced maximized approach for grow plug-and-play eyeballs
Reyes-Parker,Down-sized optimal emulation for enhance 24/365 deliverables
Hill-Walton,Object-based dynamic productivity for maximize interactive deliverables
Dougherty-Parker,Organized web-enabled adapter for harness B2C metrics
Ortiz PLC,Public-key interactive focus group for reinvent leading-edge metrics
Berg-Chavez,Vision-oriented responsive emulation for whiteboard killer initiatives
Munoz-Vazquez,Upgradable real-time architecture for implement front-end experiences
Alvarado-Barnes,Synergistic object-oriented ability for iterate bricks-and-clicks functionalities
"Williams, Sanders and Gomez",Distributed secondary frame for repurpose B2B e-commerce
Hayes and Sons,Extended encompassing array for utilize dynamic relationships
"Blanchard, Myers and Morton",Optional radical workforce for utilize seamless niches
Haley-Scott,Intuitive composite installation for incubate dot-com e-services
Jones Inc,Virtual heuristic Graphical User Interface for unleash clicks-and-mortar applications
Pacheco-Nunez,Organized content-based productivity for grow vertical relationships
Hanson-Garcia,Exclusive 4thgeneration support for enhance sticky e-business
Love Ltd,Grass-roots upward-trending info-mediaries for harness front-end info-mediaries
Jennings Inc,Balanced executive orchestration for strategize holistic metrics
"Nixon, Carr and Page",Managed object-oriented concept for brand end-to-end schemas
Washington-Key,Grass-roots holistic approach for generate rich e-markets
"Grant, Williams and Colon",Multi-tiered 4thgeneration interface for orchestrate cross-media metrics
"Holmes, Butler and Patterson",Re-engineered intermediate groupware for utilize revolutionary convergence
"Maldonado, Bryant and Thomas",Ergonomic 5thgeneration conglomeration for evolve 24/365 e-business
Meza LLC,Adaptive impactful artificial intelligence for enable innovative e-tailers
Knight-Rogers,Synergized zero administration instruction set for re-intermediate sticky e-business
Watson and Sons,Integrated transitional matrix for implement visionary interfaces
Willis PLC,Seamless modular projection for productize synergistic convergence
"Carr, Crawford and Harmon",Multi-tiered analyzing open system for harness synergistic action-items
Li-Oconnor,Innovative bandwidth-monitored help-desk for whiteboard next-generation e-services
Williams Inc,Ameliorated incremental toolset for extend virtual e-markets
Wong-Small,Seamless tangible data-warehouse for streamline dot-com channels
Castillo-Norris,Persistent system-worthy data-warehouse for seize enterprise architectures
"Russell, Phelps and Ray",Digitized explicit circuit for envisioneer visionary users
Wright-Roth,Stand-alone tangible hub for whiteboard global infrastructures
Williams Group,Optional bottom-line support for implement sticky web-readiness
"Bailey, Flores and Evans",Enterprise-wide full-range superstructure for scale end-to-end e-markets
Murray Ltd,Synergized upward-trending benchmark for strategize killer e-commerce
Williams Group,Phased web-enabled website for evolve ubiquitous vortals
Johnson Group,Business-focused optimal encryption for embrace cross-media channels
Diaz-Zhang,Realigned static help-desk for deliver bricks-and-clicks e-commerce
"Valdez, Johnson and Stafford",Versatile needs-based architecture for orchestrate efficient niches
Martin LLC,Horizontal background paradigm for leverage bricks-and-clicks bandwidth
Gardner-Garcia,Down-sized bandwidth-monitored capacity for cultivate B2B infrastructures
Harvey-Barnes,Public-key leadingedge matrices for empower intuitive content
Morales LLC,Managed scalable utilization for e-enable seamless bandwidth
Anderson and Sons,Face-to-face fault-tolerant functionalities for whiteboard best-of-breed metrics
"Jenkins, Morris and Gonzalez",Visionary empowering firmware for deliver intuitive infrastructures
"Martinez, Brown and Young",Cloned modular groupware for transform bricks-and-clicks solutions
Powell-Peters,Cloned well-modulated groupware for deploy collaborative e-markets
" Vasquez, Braun and Robertson", Face-to-face zero-defect attitude for e-enable transparent web services
" Stewart, Wilson and Thompson", Diverse multi-tasking projection for empower cross-platform ROI
" Peters, Bernard and Ortiz", Sharable reciprocal collaboration for facilitate dot-com info-mediaries
 Carney-Barnes, Monitored non-volatile conglomeration for integrate synergistic eyeballs
" Mccormick, Green and Gardner", Devolved systematic matrix for matrix granular convergence
" Brown, Mata and Duarte", Implemented bandwidth-monitored process improvement for leverage 24/7 infrastructures
 Walsh-Clements, Decentralized global complexity for transition vertical bandwidth
 Phillips-Woods, Multi-lateral background moratorium for transform B2C technologies
 Perez Inc, Open-source real-time extranet for implement B2B synergies
 Graham Inc, Adaptive explicit system engine for synthesize open-source e-business
 Wade-Foster, Switchable attitude-oriented groupware for implement frictionless schemas
 Lucas-Torres, Secured national emulation for re-contextualize granular models
" Butler, Morton and Mccormick", Switchable bottom-line workforce for strategize bricks-and-clicks synergies
 Morgan-Roach, Optimized reciprocal policy for unleash innovative e-markets
 Williams-Kelly, Team-oriented systemic array for synthesize B2B platforms
" Castro, Dunn and Simon", Programmable discrete middleware for syndicate vertical users
" Mcdonald, Rojas and Knight", Re-contextualized asynchronous database for grow plug-and-play schemas
 Johnson-Ali, Managed directional help-desk for generate bleeding-edge platforms
" Fitzgerald, Brown and Dunn", Multi-lateral 24/7 moratorium for incubate cross-media info-mediaries
 Ramos Inc, Phased contextually-based portal for deploy back-end content
" Martin, Chapman and Long", Ameliorated eco-centric matrices for utilize front-end vortals
" Collins, Long and Cervantes", Centralized systematic challenge for drive robust convergence
" Fuller, Forbes and Cortez", Total real-time contingency for morph seamless e-commerce
 Wood and Sons, Multi-layered client-server open system for enable turn-key methodologies
 Smith-Mills, Pre-emptive needs-based focus group for strategize extensible partnerships
 Wilcox-Martin, Phased logistical functionalities for maximize visionary partnerships
" Morris, Lyons and Cunningham", Inverse asymmetric service-desk for re-contextualize holistic technologies
 Ward-Anderson, Automated bottom-line adapter for enable cutting-edge bandwidth
 Wilson-Cox, Public-key value-added firmware for envisioneer world-class relationships
" Figueroa, Ross and Weiss", Devolved systemic structure for evolve impactful convergence
" Arias, Harris and Jones", Devolved encompassing adapter for synthesize user-centric e-services
 Sanchez Ltd, Down-sized system-worthy moratorium for expedite extensible portals
" Beck, Orr and Moreno", Mandatory contextually-based benchmark for expedite robust e-markets
 Braun Ltd, Upgradable zero-defect Internet solution for utilize world-class niches
 Bennett-Gonzalez, Polarized client-driven definition for synthesize extensible web-readiness
" Mccullough, Hunt and Wood", Persevering leadingedge groupware for empower next-generation technologies
 Johnson Group, Multi-channeled fault-tolerant help-desk for drive ubiquitous e-commerce
" Barber, Ortega and Cisneros", User-friendly regional parallelism for monetize cross-media web-readiness
" Haynes, Perry and Davis", Triple-buffered modular system engine for harness collaborative web services
" Hodges, Jones and Vance", Extended didactic pricing structure for whiteboard clicks-and-mortar architectures
 Townsend PLC, Programmable tertiary time-frame for utilize killer eyeballs
 Thomas-Taylor, Front-line user-facing system engine for maximize impactful action-items
 Frank PLC, Persistent upward-trending definition for seize front-end bandwidth
 Long-Silva, Object-based multimedia emulation for maximize robust networks
" Rodriguez, Reyes and Williams", Pre-emptive uniform concept for disintermediate extensible markets
 Anderson LLC, Business-focused neutral open system for synergize sticky ROI
 Sutton-Vincent, Re-contextualized systematic archive for benchmark cross-media solutions
 Berg-Lane, Organic stable knowledge user for unleash strategic web-readiness
" Maddox, Hood and Lawrence", Balanced encompassing knowledgebase for incubate strategic portals
 Miller-Gates, Phased exuding focus group for scale efficient channels
Harrison LLC,Versatile 6thgeneration leverage for enable rich solutions
"Beck, Rice and Vazquez",Customer-focused cohesive synergy for innovate cross-media vortals
Hernandez-Nichols,Triple-buffered 6thgeneration knowledgebase for embrace compelling systems
Kent Ltd,Programmable radical model for maximize leading-edge synergies
Romero-Barr,Customer-focused explicit portal for benchmark world-class methodologies
"Welch, Leon and Goodwin",Streamlined full-range success for engage impactful networks
Smith-Martinez,Cross-group methodical time-frame for transition back-end eyeballs
"Gregory, Foster and Smith",Secured homogeneous hardware for maximize next-generation supply-chains
"Lopez, Gordon and Hernandez",Versatile 4thgeneration leverage for re-contextualize best-of-breed experiences
Burgess Group,Reverse-engineered multimedia firmware for engage strategic schemas
Richards LLC,Virtual methodical leverage for incubate bleeding-edge initiatives
"Prince, Ryan and Perry",Networked composite function for seize integrated bandwidth
Rodriguez PLC,Organic explicit artificial intelligence for transition extensible e-tailers
May Group,Digitized methodical collaboration for exploit cross-platform eyeballs
Smith Ltd,Persistent intermediate secured line for seize seamless ROI
Warner and Sons,Focused non-volatile orchestration for transition visionary metrics
"Peck, Johnson and Holland",Multi-lateral methodical infrastructure for redefine interactive channels
Lyons Group,Universal explicit hardware for transition granular web services
Russell-Jensen,Total hybrid protocol for whiteboard out-of-the-box technologies
Arnold-Flynn,Realigned heuristic hierarchy for re-intermediate front-end technologies
"Stevens, Woodard and Reilly",Ameliorated upward-trending success for embrace magnetic networks
"Cisneros, Jackson and Bolton",Inverse exuding contingency for architect dynamic bandwidth
Newman-Leblanc,Decentralized 6thgeneration monitoring for transform B2C action-items
Wilkins Group,Cross-platform 24hour framework for aggregate rich web services
Hancock-Friedman,Down-sized mobile throughput for target ubiquitous vortals
"Cole, Garcia and Smith",Universal user-facing application for re-contextualize clicks-and-mortar convergence
Montgomery-Harrington,Distributed upward-trending initiative for seize viral users
"Landry, Solomon and Nelson",Configurable 3rdgeneration hardware for generate robust applications
"Lester, Lozano and Powell",Multi-layered intermediate customer loyalty for syndicate holistic systems
"Snow, Liu and Mitchell",Right-sized mission-critical capacity for whiteboard enterprise e-tailers
Jacobs-Guerra,Managed stable open system for streamline bricks-and-clicks schemas
Christensen-Hayes,Assimilated web-enabled intranet for e-enable one-to-one platforms
Brooks Ltd,Right-sized transitional project for monetize mission-critical portals
Pace and Sons,Robust asynchronous hardware for disintermediate wireless platforms
Lee-Phillips,Seamless holistic neural-net for transform dot-com metrics
Chandler Ltd,Focused zero administration challenge for scale revolutionary portals
"Wallace, Thompson and Hall",Self-enabling dynamic access for unleash best-of-breed channels
Jenkins-Villegas,User-friendly web-enabled framework for extend collaborative supply-chains
Smith Inc,Optional even-keeled initiative for deliver plug-and-play supply-chains
Shelton-Munoz,Exclusive bifurcated structure for redefine innovative info-mediaries
Wagner PLC,Virtual 24/7 collaboration for engage 24/365 bandwidth
"Massey, Lowery and Sexton",Universal bi-directional open system for facilitate transparent markets
Luna and Sons,Decentralized asynchronous alliance for incubate impactful initiatives
Thomas-Kim,Progressive stable contingency for implement vertical initiatives
Gardner Group,Fully-configurable secondary initiative for re-intermediate cutting-edge users
Sanchez and Sons,Implemented 24/7 projection for scale robust content
Goodwin-Stevens,Sharable logistical matrices for drive efficient vortals
Harris Group,Organic object-oriented Graphical User Interface for incubate enterprise solutions
"Zuniga, Lewis and Welch",Down-sized web-enabled Internet solution for maximize rich paradigms
"Myers, Howe and Ibarra",Synergistic maximized conglomeration for brand bleeding-edge info-mediaries
