Name,Purpose
" Vasquez, Braun and Robertson", Face-to-face zero-defect attitude for e-enable transparent web services
" Stewart, Wilson and Thompson", Diverse multi-tasking projection for empower cross-platform ROI
" Peters, Bernard and Ortiz", Sharable reciprocal collaboration for facilitate dot-com info-mediaries
 Carney-Barnes, Monitored non-volatile conglomeration for integrate synergistic eyeballs
" Mccormick, Green and Gardner", Devolved systematic matrix for matrix granular convergence
" Brown, Mata and Duarte", Implemented bandwidth-monitored process improvement for leverage 24/7 infrastructures
 Walsh-Clements, Decentralized global complexity for transition vertical bandwidth
 Phillips-Woods, Multi-lateral background moratorium for transform B2C technologies
 Perez Inc, Open-source real-time extranet for implement B2B synergies
 Graham Inc, Adaptive explicit system engine for synthesize open-source e-business
 Wade-Foster, Switchable attitude-oriented groupware for implement frictionless schemas
 Lucas-Torres, Secured national emulation for re-contextualize granular models
" Butler, Morton and Mccormick", Switchable bottom-line workforce for strategize bricks-and-clicks synergies
 Morgan-Roach, Optimized reciprocal policy for unleash innovative e-markets
 Williams-Kelly, Team-oriented systemic array for synthesize B2B platforms
" Castro, Dunn and Simon", Programmable discrete middleware for syndicate vertical users
" Mcdonald, Rojas and Knight", Re-contextualized asynchronous database for grow plug-and-play schemas
 Johnson-Ali, Managed directional help-desk for generate bleeding-edge platforms
" Fitzgerald, Brown and Dunn", Multi-lateral 24/7 moratorium for incubate cross-media info-mediaries
 Ramos Inc, Phased contextually-based portal for deploy back-end content
" Martin, Chapman and Long", Ameliorated eco-centric matrices for utilize front-end vortals
" Collins, Long and Cervantes", Centralized systematic challenge for drive robust convergence
" Fuller, Forbes and Cortez", Total real-time contingency for morph seamless e-commerce
 Wood and Sons, Multi-layered client-server open system for enable turn-key methodologies
 Smith-Mills, Pre-emptive needs-based focus group for strategize extensible partnerships
 Wilcox-Martin, Phased logistical functionalities for maximize visionary partnerships
" Morris, Lyons and Cunningham", Inverse asymmetric service-desk for re-contextualize holistic technologies
 Ward-Anderson, Automated bottom-line adapter for enable cutting-edge bandwidth
 Wilson-Cox, Public-key value-added firmware for envisioneer world-class relationships
" Figueroa, Ross and Weiss", Devolved systemic structure for evolve impactful convergence
" Arias, Harris and Jones", Devolved encompassing adapter for synthesize user-centric e-services
 Sanchez Ltd, Down-sized system-worthy moratorium for expedite extensible portals
" Beck, Orr and Moreno", Mandatory contextually-based benchmark for expedite robust e-markets
 Braun Ltd, Upgradable zero-defect Internet solution for utilize world-class niches
 Bennett-Gonzalez, Polarized client-driven definition for synthesize extensible web-readiness
" Mccullough, Hunt and Wood", Persevering leadingedge groupware for empower next-generation technologies
 Johnson Group, Multi-channeled fault-tolerant help-desk for drive ubiquitous e-commerce
" Barber, Ortega and Cisneros", User-friendly regional parallelism for monetize cross-media web-readiness
" Haynes, Perry and Davis", Triple-buffered modular system engine for harness collaborative web services
" Hodges, Jones and Vance", Extended didactic pricing structure for whiteboard clicks-and-mortar architectures
 Townsend PLC, Programmable tertiary time-frame for utilize killer eyeballs
 Thomas-Taylor, Front-line user-facing system engine for maximize impactful action-items
 Frank PLC, Persistent upward-trending definition for seize front-end bandwidth
 Long-Silva, Object-based multimedia emulation for maximize robust networks
" Rodriguez, Reyes and Williams", Pre-emptive uniform concept for disintermediate extensible markets
 Anderson LLC, Business-focused neutral open system for synergize sticky ROI
 Sutton-Vincent, Re-contextualized systematic archive for benchmark cross-media solutions
 Berg-Lane, Organic stable knowledge user for unleash strategic web-readiness
" Maddox, Hood and Lawrence", Balanced encompassing knowledgebase for incubate strategic portals
 Miller-Gates, Phased exuding focus group for scale efficient channels
