Company Name,Purpose
Willis PLC,Robust foreground open architecture for grow revolutionary architectures
"Ellis, Stevens and Hampton",Proactive dynamic product for repurpose strategic niches
Roth-Ramirez,Reduced maximized approach for grow plug-and-play eyeballs
Reyes-Parker,Down-sized optimal emulation for enhance 24/365 deliverables
Hill-Walton,Object-based dynamic productivity for maximize interactive deliverables
Dougherty-Parker,Organized web-enabled adapter for harness B2C metrics
Ortiz PLC,Public-key interactive focus group for reinvent leading-edge metrics
Berg-Chavez,Vision-oriented responsive emulation for whiteboard killer initiatives
Munoz-Vazquez,Upgradable real-time architecture for implement front-end experiences
Alvarado-Barnes,Synergistic object-oriented ability for iterate bricks-and-clicks functionalities
"Williams, Sanders and Gomez",Distributed secondary frame for repurpose B2B e-commerce
Hayes and Sons,Extended encompassing array for utilize dynamic relationships
"Blanchard, Myers and Morton",Optional radical workforce for utilize seamless niches
Haley-Scott,Intuitive composite installation for incubate dot-com e-services
Jones Inc,Virtual heuristic Graphical User Interface for unleash clicks-and-mortar applications
Pacheco-Nunez,Organized content-based productivity for grow vertical relationships
Hanson-Garcia,Exclusive 4thgeneration support for enhance sticky e-business
Love Ltd,Grass-roots upward-trending info-mediaries for harness front-end info-mediaries
Jennings Inc,Balanced executive orchestration for strategize holistic metrics
"Nixon, Carr and Page",Managed object-oriented concept for brand end-to-end schemas
Washington-Key,Grass-roots holistic approach for generate rich e-markets
"Grant, Williams and Colon",Multi-tiered 4thgeneration interface for orchestrate cross-media metrics
"Holmes, Butler and Patterson",Re-engineered intermediate groupware for utilize revolutionary convergence
"Maldonado, Bryant and Thomas",Ergonomic 5thgeneration conglomeration for evolve 24/365 e-business
Meza LLC,Adaptive impactful artificial intelligence for enable innovative e-tailers
Knight-Rogers,Synergized zero administration instruction set for re-intermediate sticky e-business
Watson and Sons,Integrated transitional matrix for implement visionary interfaces
Willis PLC,Seamless modular projection for productize synergistic convergence
"Carr, Crawford and Harmon",Multi-tiered analyzing open system for harness synergistic action-items
Li-Oconnor,Innovative bandwidth-monitored help-desk for whiteboard next-generation e-services
Williams Inc,Ameliorated incremental toolset for extend virtual e-markets
Wong-Small,Seamless tangible data-warehouse for streamline dot-com channels
Castillo-Norris,Persistent system-worthy data-warehouse for seize enterprise architectures
"Russell, Phelps and Ray",Digitized explicit circuit for envisioneer visionary users
Wright-Roth,Stand-alone tangible hub for whiteboard global infrastructures
Williams Group,Optional bottom-line support for implement sticky web-readiness
"Bailey, Flores and Evans",Enterprise-wide full-range superstructure for scale end-to-end e-markets
Murray Ltd,Synergized upward-trending benchmark for strategize killer e-commerce
Williams Group,Phased web-enabled website for evolve ubiquitous vortals
Johnson Group,Business-focused optimal encryption for embrace cross-media channels
Diaz-Zhang,Realigned static help-desk for deliver bricks-and-clicks e-commerce
"Valdez, Johnson and Stafford",Versatile needs-based architecture for orchestrate efficient niches
Martin LLC,Horizontal background paradigm for leverage bricks-and-clicks bandwidth
Gardner-Garcia,Down-sized bandwidth-monitored capacity for cultivate B2B infrastructures
Harvey-Barnes,Public-key leadingedge matrices for empower intuitive content
Morales LLC,Managed scalable utilization for e-enable seamless bandwidth
Anderson and Sons,Face-to-face fault-tolerant functionalities for whiteboard best-of-breed metrics
"Jenkins, Morris and Gonzalez",Visionary empowering firmware for deliver intuitive infrastructures
"Martinez, Brown and Young",Cloned modular groupware for transform bricks-and-clicks solutions
Powell-Peters,Cloned well-modulated groupware for deploy collaborative e-markets